# Week 48: November 24-30, 2025
# Availability data for team members

week_number: 48
year: 2025
week_start: "2025-11-24"  # Monday
week_end: "2025-11-30"    # Sunday
month: november

team:
  andrew-temchenko:
    monday: "08:30-17:00"
    tuesday: "08:30-17:00"
    wednesday: "08:30-17:00"
    thursday: "08:30-17:00"
    friday: "08:30-17:00"
    saturday: "Day off"
    sunday: "Day off"

  artem-smolii:
    monday: "Not specified yet"
    tuesday: "Not specified yet"
    wednesday: "Not specified yet"
    thursday: "Not specified yet"
    friday: "Not specified yet"
    saturday: "Not specified yet"
    sunday: "Not specified yet"

  diana-dukelska:
    monday: "8:00-12:00"
    tuesday: "8:00-12:00"
    wednesday: "8:00-12:00"
    thursday: "14:00-18:00"
    friday: "8:00-12:00"
    saturday: "Day off"
    sunday: "Day off"

  evgeniy-shchyhartsov:
    monday: "Day off"
    tuesday: "16:00-19:00"
    wednesday: "09:00-12:00"
    thursday: "09:00-12:00"
    friday: "09:00-12:00"
    saturday: "Day off"
    sunday: "Day off"

  iryna-valchak:
    monday: "11:00-14:00"
    tuesday: "11:00-14:00"
    wednesday: "11:00-14:00"
    thursday: "11:00-14:00"
    friday: "11:00-14:00"
    saturday: "Day off"
    sunday: "Day off"

  kateryna-rudenko:
    monday: "14:00-17:00, after 20:00"
    tuesday: "13:00-17:00"
    wednesday: "13:00-17:00"
    thursday: "14:00-17:00"
    friday: "13:00-17:00"
    saturday: "Day off"
    sunday: "Day off"

  nikita-motytskyi:
    monday: "16:00-20:00"
    tuesday: "16:00-20:00"
    wednesday: "16:00-20:00"
    thursday: "16:00-20:00"
    friday: "16:00-20:00"
    saturday: "Day off"
    sunday: "Day off"

  olha-kyrylenko:
    monday: "09:30-13:00, 18:30-21:00"
    tuesday: "10:00-19:00"
    wednesday: "Day off"
    thursday: "9:00-11:30"
    friday: "8:00-11:00, after 15:00"
    saturday: "Flexible"
    sunday: "Flexible"
