# Week 43: October 20-26, 2025
# Availability data for team members

week_number: 43
year: 2025
week_start: "2025-10-20"  # Monday
week_end: "2025-10-26"    # Sunday
month: october

team:
  andrew-temchenko:
    monday: "08:30-17:00"
    tuesday: "08:30-17:00"
    wednesday: "08:30-17:00"
    thursday: "08:30-17:00"
    friday: "08:30-17:00"
    saturday: "Day off"
    sunday: "Day off"

  artem-smolii:
    monday: "Not specified yet"
    tuesday: "Not specified yet"
    wednesday: "Not specified yet"
    thursday: "Not specified yet"
    friday: "Not specified yet"
    saturday: "Not specified yet"
    sunday: "Not specified yet"

  diana-dukelska:
    monday: "9:00-11:00 and 14:30-16:30"
    tuesday: "8:00-11:30"
    wednesday: "10:00-14:00"
    thursday: "9:00-11:00 and 14:30-16:30"
    friday: "10:00-14:00"
    saturday: "Day off"
    sunday: "Day off"

  evgeniy-shchyhartsov:
    monday: "Not specified yet"
    tuesday: "Not specified yet"
    wednesday: "Not specified yet"
    thursday: "Not specified yet"
    friday: "Not specified yet"
    saturday: "Not specified yet"
    sunday: "Not specified yet"

  iryna-valchak:
    monday: "11:00-14:00"
    tuesday: "11:00-12:30"
    wednesday: "11:00-14:00"
    thursday: "11:00-13:00"
    friday: "11:00-14:00"
    saturday: "Day off"
    sunday: "Day off"

  kateryna-rudenko:
    monday: "11:00-15:00, after 20:00"
    tuesday: "10:00-16:00"
    wednesday: "11:00-16:00"
    thursday: "11:00-16:00"
    friday: "12:00-16:00"
    saturday: "Day off"
    sunday: "Day off"

  nikita-motytskyi:
    monday: "16:00-20:00"
    tuesday: "16:00-20:00"
    wednesday: "16:00-20:00"
    thursday: "16:00-20:00"
    friday: "Day off"
    saturday: "Day off"
    sunday: "Day off"

  olha-kyrylenko:
    monday: "09:00-13:00, 16:00-19:00"
    tuesday: "10:00-12:00, 15:00-19:00"
    wednesday: "10:00-15:00, after 21:00"
    thursday: "14:00-18:00"
    friday: "11:00-15:00, after 21:00"
    saturday: "Flexible"
    sunday: "Flexible"
