# Week 41: October 6-12, 2025
# Availability data for team members

week_number: 41
year: 2025
week_start: "2025-10-06"  # Monday
week_end: "2025-10-12"    # Sunday
month: october

team:
  andrew-temchenko:
    monday: "Flexible"
    tuesday: "Flexible"
    wednesday: "Flexible"
    thursday: "Flexible"
    friday: "Flexible"
    saturday: "Day off"
    sunday: "Day off"

  artem-smolii:
    monday: "10:00-18:00"
    tuesday: "12:00-20:00"
    wednesday: "10:00-18:00"
    thursday: "10:00-18:00"
    friday: "10:00-18:00"
    saturday: "Not specified yet"
    sunday: "Not specified yet"

  diana-dukelska:
    monday: "9:00-11:00 and 14:30-16:30"
    tuesday: "14:30-18:30"
    wednesday: "10:00-14:00"
    thursday: "9:00-11:00 and 14:30-16:30"
    friday: "Day off"
    saturday: "Day off"
    sunday: "Day off"

  evgeniy-shchyhartsov:
    monday: "Not specified yet"
    tuesday: "Not specified yet"
    wednesday: "Not specified yet"
    thursday: "Not specified yet"
    friday: "Not specified yet"
    saturday: "Not specified yet"
    sunday: "Not specified yet"

  iryna-valchak:
    monday: "Not specified yet"
    tuesday: "Not specified yet"
    wednesday: "Not specified yet"
    thursday: "Not specified yet"
    friday: "Not specified yet"
    saturday: "Not specified yet"
    sunday: "Not specified yet"

  kateryna-rudenko:
    monday: "Not specified yet"
    tuesday: "Not specified yet"
    wednesday: "Not specified yet"
    thursday: "Not specified yet"
    friday: "Not specified yet"
    saturday: "Not specified yet"
    sunday: "Not specified yet"

  nikita-motytskyi:
    monday: "16:00 - 20:00"
    tuesday: "16:00 - 20:00"
    wednesday: "16:00 - 20:00"
    thursday: "16:00 - 20:00"
    friday: "16:00 - 20:00"
    saturday: "Not specified yet"
    sunday: "Not specified yet"

  olha-kyrylenko:
    monday: "10:00-14:00, after 22:00"
    tuesday: "09:30-11:30, after 22:00"
    wednesday: "09:30-11:30, after 22:00"
    thursday: "10:00-14:00, after 22:00"
    friday: "Day off"
    saturday: "Not specified yet"
    sunday: "Not specified yet"
