# Week 42: October 13-19, 2025
# Availability data for team members

week_number: 42
year: 2025
week_start: "2025-10-13"  # Monday
week_end: "2025-10-19"    # Sunday
month: october

team:
  andrew-temchenko:
    monday: "08:30-17:00"
    tuesday: "08:30-17:00"
    wednesday: "08:30-17:00"
    thursday: "08:30-17:00"
    friday: "08:30-17:00"
    saturday: "Day off"
    sunday: "Day off"

  artem-smolii:
    monday: "Not specified yet"
    tuesday: "Not specified yet"
    wednesday: "Not specified yet"
    thursday: "Not specified yet"
    friday: "Not specified yet"
    saturday: "Not specified yet"
    sunday: "Not specified yet"

  diana-dukelska:
    monday: "09:00-11:00, 14:30-16:30"
    tuesday: "09:00-13:00"
    wednesday: "10:00-14:00"
    thursday: "09:00-11:00, 14:30-16:30"
    friday: "10:00-14:00"
    saturday: "Day off"
    sunday: "Day off"

  evgeniy-shchyhartsov:
    monday: "Not specified yet"
    tuesday: "Not specified yet"
    wednesday: "Not specified yet"
    thursday: "Not specified yet"
    friday: "Not specified yet"
    saturday: "Not specified yet"
    sunday: "Not specified yet"

  iryna-valchak:
    monday: "11:00-14:00"
    tuesday: "11:00-14:00"
    wednesday: "11:00-14:00"
    thursday: "11:00-14:00"
    friday: "11:00-14:00"
    saturday: "Day off"
    sunday: "Day off"

  kateryna-rudenko:
    monday: "13:30-17:00"
    tuesday: "11:00-15:00"
    wednesday: "11:00-15:00"
    thursday: "11:00-15:00"
    friday: "13:00-14:00"
    saturday: "Day off"
    sunday: "Day off"

  nikita-motytskyi:
    monday: "16:00-20:00"
    tuesday: "16:00-20:00"
    wednesday: "16:00-20:00"
    thursday: "16:00-20:00"
    friday: "16:00-20:00"
    saturday: "Day off"
    sunday: "Day off"

  olha-kyrylenko:
    monday: "10:00-16:00"
    tuesday: "10:00-17:00"
    wednesday: "10:00-12:00, after 21:00"
    thursday: "10:00-17:00"
    friday: "09:00-11:00, after 21:00"
    saturday: "Available if necessary"
    sunday: "Available if necessary"
